{"cameraMode":{"drawMode":0,"name":"Shaded","section":"Shading Mode"},"sceneLighting":false,"audioPlay":false,"sceneViewState":{"showFog":true,"showMaterialUpdate":false,"showSkybox":true,"showFlares":true,"showImageEffects":true,"showParticleSystems":true},"in2DMode":false,"pivot":{"x":-0.32781076431274416,"y":-3.7780656814575197,"z":0.14058208465576173},"rotation":{"x":0.4675377905368805,"y":0.17317333817481996,"z":-0.09395668655633927,"w":0.8617375493049622},"size":14.909479141235352,"orthographic":false}